name,id,nametype,recclass,mass (g),fall,year,reclat,reclong
XReality Lab,W916,lab,lab,550000000000000,na,2018,40.736277,-73.993223
Equiment Center,i921,lab,lab,550000000000000,na,2018,40.735338,-73.99459
Making Center,L200,lab,lab,ba,550000000000000,2018,40.73648,-73.996455