drug,freq,use
Alcohol,22.86919818,36.54958952
Marijuana,43.46622307,19.21601264
PainReleiver,11.31767103,6.176143174
Hallucinogen,3.428970161,3.738379443
Tranquilizer,9.016430065,2.523676217
Inhalant,6.457334094,2.143970117
Stimulant,8.693532642,1.883753386
Cocaine,6.051173664,1.625059519
Oxycontin,7.375120408,0.946006075
Meth,32.41131804,0.342726377
Sedative,11.6486454,0.307721041
Heroin,65.78852409,0.242295378
Crack,6.919307577,0.166698136
