Skill	Probability	Error
Business Owner	0.3025210084	0.1210084034
Solutions Analyst	0.3879551821	0.1551820728
Solutions Developer	0.1890756303	0.0756302521
FTE Delta	0.1204481793	N/A